Colonne1,Colonne2,Colonne3,Colonne4,Colonne5,Colonne6,Colonne7,Colonne8,Colonne9
3.0,9.723471397657631,23.23844269050346,10.230298564080254,-0.11707668736166799,14.297589129152458,13.569356362942164,-17.837935100207737,46.391312233313734
4.0,11.534869458305817,17.65262807032524,0.42560043585964635,-0.23170884640623113,13.602810739289229,13.78118253615236,-15.926205564975213,50.88410436069699
3.0,6.173439510684404,11.375410837434837,-10.622875292409727,-0.5064155601672119,15.942741997785822,6.699720645910823,-10.839654832497258,47.26659957706367
2.0,7.175392597329417,27.32824384460777,-7.257763004865357,0.03376410234396192,10.72575544135963,7.096756724182472,-19.611725506856676,48.641724448369736
2.0,10.221845179419732,14.245032112888486,-1.2430198165432804,-0.3003193449594025,14.12491875062017,10.463074539047733,-13.774849476045446,58.36726045149268
2.0,13.704556369017876,19.93251387631033,-15.577109289559004,0.4112724560515945,11.337469050086934,14.861331699815961,-12.660665194536339,56.70230525895174
3.0,6.080659752240448,13.359069755507846,-3.031387641308765,0.3692332899977052,15.514104843569912,7.5639183537000205,-12.488497273702015,43.50209381536201
2.0,9.397792608821423,12.607390048162863,-12.198442083947086,-0.23031938547989375,18.171366678656746,11.78607615381564,-8.809128187313524,54.14866208939587
3.0,6.473919689274532,21.620419846973974,-8.850822804163165,-0.33846100015297936,16.835028866522602,6.187512925097305,-17.953572829077146,54.05698277245796
4.0,11.862560238232398,15.803912383886807,-8.092123758512146,0.16563171570178198,17.926635381367078,15.130110599954993,-11.43675504494476,44.25868355623691
2.0,9.628682046672365,14.468325129969859,-16.962066240806706,0.406262911197099,19.06872008571247,11.071357404323399,-12.662888108204273,54.0938882187743
2.0,12.007065795784047,21.80818012523817,-11.451197546051244,0.18069780275420697,19.614109699397908,14.555271966926405,-17.772129912335124,57.68965959206277
2.0,13.129287311628012,6.901274479551278,3.2190250437522376,0.043523534119085605,14.102977948602398,17.36736540220904,-5.43918123284958,44.38727596877793
3.0,6.024862170798214,18.90164056081244,-1.4288742848825358,0.738947022370758,13.445189345179058,8.12667392082339,-17.125687360212897,45.41248589492868
2.0,8.996485912830927,24.57701058851037,-1.7124889034031554,-0.2648801018835194,16.539802299340067,10.52725244749128,-18.179959779968044,55.08830733421751
3.0,11.937289981065778,16.489734530613237,-8.276621465977682,-0.19605407656607882,10.609455155603644,13.433555751863647,-14.218214757433762,51.35747655412824
3.0,10.522110544359778,20.025567283212304,-7.345871333751469,-0.7076853710252071,13.738064031703923,10.474717251902428,-16.47765365724988,52.757381376197614
2.0,8.395445461556761,19.193571441669953,-0.9594914318546159,0.9430929506052651,15.523733438495517,9.355381234625694,-17.34355590255299,51.702946082002484
3.0,9.851108168467665,10.406143923504793,-5.265138754492169,0.03011510497051322,22.38972633745586,11.610199563333502,-13.449582456394456,51.95347960464072
2.0,10.603094684667225,19.826441151473784,-16.686780376195323,0.5714114072575103,17.255799098060322,11.736534094449485,-16.243208446379366,43.367639358444585
3.0,8.181225090410521,27.013971554680495,-19.018510627922808,0.29342854690013515,21.571366877429938,9.68621314140032,-16.785946400518565,55.23658853310724
2.0,8.867404540794457,20.498256825438204,-10.034756541161993,-0.7753317155330663,15.205688924418082,10.717737331912117,-14.829396884554516,55.84794996213887
1.0,10.947184861270363,15.402878828830985,10.499344050175395,-0.39162664616811854,14.033815451382972,12.911765851716357,-12.360823822533577,48.853046279659864
3.0,7.53827136713209,21.137299673020646,8.071427542824281,-0.8037416172806138,15.553901575596912,8.395923059735049,-17.435621396833053,49.78261525093069
3.0,11.56364574355462,13.81524644560959,-18.204566130842764,0.2609707828084488,15.890954019699558,14.045029564232271,-11.00726537086358,42.34446248722139
3.0,10.692896418993952,16.599876392107547,-2.6774630283899645,0.14653623664934062,12.856945745920896,13.273416352362151,-12.185662883335617,52.57127378008917
4.0,10.947665841823575,14.043482513986756,1.5655360863382972,-0.4873408351136607,17.361253811227357,12.046799932745444,-13.596411641807096,52.86028720857072
4.0,8.358635363296578,24.81688064622161,-0.8721907306350172,0.411030079997245,20.690378947961843,11.441294815702165,-17.624861127639544,49.68904491500344
2.0,8.492527671285021,15.552427851872384,-13.158102849654384,-0.0385508547070521,16.02345592444993,10.092445073257764,-11.011179650615421,55.621766799352514
3.0,11.654366498072047,20.065009459389536,9.535340771573168,-0.13232841661897804,23.160507499768855,14.004089420631303,-14.61563611609576,48.3296138451003
3.0,8.285684887167434,14.645537509694439,-0.1752758475681473,-0.11173139266292545,17.142001482276275,10.651036287857478,-10.839478530136097,52.823029629468
3.0,9.854342174686254,15.766031409657975,-20.148472246858645,-0.22325747603351054,17.569196382970418,12.058426740887006,-12.573591812338401,44.901678306539424
3.0,7.508522442576024,20.86590462925591,-1.1468262027116323,-0.4419287181005665,15.461175317836584,9.963363565004473,-15.347001231471088,49.88223924562881
3.0,7.714059404338753,21.788936801741418,0.6078452636823437,0.5415256215876385,18.16140615610471,9.543995450408328,-16.24752117391038,49.12822871048582
1.0,8.124349920169754,22.5751763360433,0.13785950912208822,0.25752384315302396,26.558194471964164,9.136782529563266,-18.76822249071669,51.12653961020471
3.0,12.271131280361198,24.770008817466014,1.5139125130579796,-0.1576346223201728,17.276907661479804,15.086861061639539,-20.96321059976661,48.152365355833204
2.0,9.526362786519982,17.573182260854484,-4.181258606136774,1.1573292833367543,9.398204422224756,10.287909136503318,-13.854833218159614,49.342637021641664
3.0,6.774568257620697,17.640340671052833,5.88950596967366,0.032140009547731385,11.76676566621208,8.23804161492136,-11.014232233851892,54.13023585720753
2.0,11.35919549786935,16.34816684141432,-2.835414104180251,0.022785919951906892,13.04519895718255,13.597804606798759,-15.556747624439257,47.81617881380891
5.0,11.267838044636022,9.874287066711965,-3.1354568523057234,-0.330893232384194,17.557300004388672,13.313288796290687,-10.834480184874453,41.96711449630661
2.0,9.770527117066202,22.524936394902287,3.6575519417012146,-0.6001482035278881,13.996496292477154,11.596095029040512,-17.690427433448797,58.7479195210271
2.0,8.693341534852577,28.827271201405484,-0.9501828903904448,-0.6304419771675226,17.753585841164327,8.550160796325454,-22.960041557412353,56.907270393452436
5.0,12.064930521102294,12.403150170229933,-9.842340728662514,0.6334555745933114,12.876991603143658,13.92919171758179,-9.575836807443132,43.538686524471906
3.0,11.549268106858673,15.365347642109585,-5.5952535606180005,-1.6206336700345363,11.926837075997131,13.951966629371523,-11.804371717870668,53.44853902622597
2.0,7.504433636070301,28.162056519658176,-19.301413779606328,-0.22002224334849188,15.392221731858275,9.165176755281761,-22.97604972499615,47.485126147243285
4.0,7.128275697641121,25.815818760774796,-4.89766938980413,-0.49075432552397547,16.386310422789812,7.526255696243386,-17.672928131415674,51.3174360766553
3.0,8.79956624568241,20.349010424950094,-8.853135968617602,0.05675867262562402,16.98639202356314,11.825187335683593,-19.481016296913104,51.471120645067465
4.0,7.524369002346302,30.665166873281333,-24.520877995225018,-0.07589254751779166,16.76495161945373,8.163067954601061,-26.18912754818556,48.82796099841839
3.0,8.754600960358813,18.959388748213623,-9.930009346588328,-0.29468237847210577,17.548806291063073,11.474978352957312,-15.374020518868994,46.08117167206802
3.0,8.614180809478691,24.497999377166252,-1.9270047912339066,0.40643105941948005,16.888886525770836,10.764211333246115,-22.884777124041335,46.5472947384187
2.0,8.879637919606061,23.736468025616308,1.1037026543346489,-0.010450796982074066,15.351982149926346,10.009338193683469,-19.34088322935719,45.41904042259379
4.0,8.81685722232834,22.735486905850188,-7.021926524338941,-0.10884060161361014,18.29633055596157,12.35553955940352,-14.865449193224114,45.84088895884778
3.0,11.627019272001277,26.527394035771646,-4.78996158367241,0.34097648564748195,14.069199730219632,12.758786294645052,-21.180142252025398,49.66410854975322
3.0,9.73971389126463,20.48497982496359,0.9515702543691358,-0.40911034161673626,21.277161827056382,12.606810843127558,-15.926582048533506,46.42120005444624
1.0,7.571622774424536,25.790554367500338,2.9166269396293583,0.31205990852607757,16.88503652779284,10.086529647352421,-23.152773024345432,53.4102603285631
2.0,8.205491257028337,20.37902279096863,-11.771617115121117,0.4875598667088756,14.558827855493584,9.175969299357359,-17.53594104885386,57.436230776679636
2.0,9.357228316694012,22.06465727137812,-10.637245528039747,-0.4111101977832157,15.731061634475736,12.621139280097143,-18.40211857775037,47.09973379314979
3.0,8.98611364925774,17.644808471908387,-2.679500626423637,-0.7240421707486621,10.777608676870335,10.533289864510335,-14.751276971039179,51.19702250267689
2.0,9.573105696576306,21.554537827990025,9.75356216949552,0.4288298116010097,14.520184410109719,11.776420465171423,-14.680342672384484,52.49842555151467
2.0,7.994941270724382,19.90743432003805,-7.886586389201383,0.16135928016904474,12.518307169343032,9.85425136364048,-14.810565334580192,52.360011354596374
3.0,13.065477826005155,19.456199257715713,-0.9828827790105858,0.34507199585555626,13.796338584342491,15.544264649735638,-17.787875320046634,50.37977633958044
3.0,10.02518480156359,20.48838049274416,-12.730097838554665,0.012255087129471357,16.493994873736348,12.84103003503609,-15.897694837331318,53.71341209179861
4.0,11.918541652170413,30.765912287557782,-12.673475628880496,0.4361603183603391,15.550026017215055,15.095738703156709,-23.616286333052656,52.41124476340329
5.0,8.383403429289697,15.80139078909612,-10.99392645444022,-1.0619478621549034,13.422734934957717,8.311552141909454,-10.360814554234365,43.81168788836351
2.0,10.300787572952416,21.708779878885796,13.761708392158862,0.4752119190930251,13.269289033012791,13.665285330421051,-14.20594252997189,54.345780321946364
2.0,10.983838343013012,13.398833964896788,13.314587658543537,0.5897200603606435,13.592473043685885,11.51811402357994,-12.749255555573168,54.43645418633371
1.0,12.707744748330825,19.42730077373691,7.378163119734618,-0.7972138293971835,13.201874931138681,16.281839902338646,-17.163555641410206,46.18356947910709
3.0,10.093961187529484,17.74967264260378,1.2284993234749875,-0.5338102146912972,14.572861544936119,13.239458561862964,-16.714893831912256,50.18968917723801
3.0,11.028877668117499,23.55807439044445,-16.246420918378693,-0.7670570853678111,18.83303046569553,12.1436867715258,-19.314499230569524,53.416644964055344
3.0,8.503026926886893,27.755759877612615,-3.843253657071413,0.5896485920319132,15.202555444230327,9.792818024309685,-21.271891153197423,48.95343090210319
5.0,13.510681684886409,18.75517925760463,4.715709509543554,0.3226879747925738,19.105894672597046,15.107113353377754,-13.029474372905502,55.36489023883006
2.0,11.372102919996879,25.29212243424794,-22.587394864231143,-0.5916292563328875,8.882303466719698,13.43160247370752,-20.3855999946834,61.8193624730968
2.0,11.435084511591924,27.51178526048014,-4.259052195802248,0.8143077727856459,10.859695625355325,13.414067129724568,-22.649123254893798,46.07006983682509
1.0,9.888904602206763,21.920327244696537,-5.326947480940931,-1.0337210500199383,14.732639881461635,12.646346054917455,-17.23274581125975,43.094776984231125
1.0,11.339345097660077,21.83299123048424,-14.398797863273552,-0.25693345866834677,11.822359434333144,14.9175228633117,-19.13667878764744,51.51909297802438
2.0,11.910284641002477,15.071369768322281,0.040465155178443624,-0.2651288091862204,12.621381503212968,15.688025379992927,-7.878018371268279,53.60781252563072
2.0,7.929515355161252,17.23175347326409,-16.978778925888484,0.9823625664581946,15.105790655915186,8.9532503996152,-17.00072483284739,48.845668130776154
2.0,10.427959821468445,19.43835975154585,-7.20969599533223,0.3070833500217126,17.272523130141916,12.304329912017606,-15.18120664344523,57.266303316605175
2.0,8.84836351871064,18.62474151424178,-28.01921164735585,-0.7575955310992761,19.100622802333575,8.934598030231816,-10.852580772934147,43.30697100138376
4.0,9.501927920887244,22.882784815278832,-1.8874984545646392,1.5394404042276189,18.35872473430373,10.596443438568503,-18.29262816310307,53.46459311515805
2.0,8.088919118799149,11.967768398712138,-2.965363641327769,-0.3781753726421517,10.733238871206979,10.671554575656437,-9.954292788972701,46.970695896205534
2.0,7.8369039927712105,28.435708175362823,3.816397569494505,-0.003986320658308686,19.43983241667008,11.019867614873684,-23.463457385911113,58.59688953103648
3.0,8.277431597343472,27.615620386348287,0.38910043684658646,-0.5186230771632282,14.428983965749175,8.698569044932245,-22.453279672603447,59.962576765840595
2.0,7.234400538071328,24.630887737658206,14.094166404701305,-0.6992837869095706,16.688907710071714,8.088816386532699,-16.959013240773505,46.16671706108326
2.0,9.025749232470607,17.038030378805654,-13.63990769679816,0.024260813972413496,12.507149650766888,10.804493322005802,-18.054148125703538,47.2522143204571
3.0,9.899523781101726,18.80525976566795,-14.07563662041598,-0.28838566528416637,17.26617367747727,12.159589696141676,-11.97734040994171,54.29793943489901
3.0,8.044889510402898,20.49666152714613,2.5138712337178903,-0.8347026405606859,16.630080577139804,8.84426389256183,-19.245243526617195,48.064346751052426
2.0,11.141197337186318,16.183704217287417,-23.04882100664519,-0.8137712189415813,15.144254839984146,13.79349784908767,-13.480268032298763,49.77294391033881
3.0,8.191366749791182,23.19296229388687,-21.6152006226896,-0.033039899323658285,11.36695140071263,9.355800752678503,-19.41285867570682,50.12694210271205
2.0,10.094797342632829,15.697933173580239,-8.845555442298254,0.5031464046072203,13.269324391430555,12.099304540281116,-11.381239999322753,40.40163421901172
3.0,7.740586290684764,22.649020889576413,9.415686206579004,-1.2358222500636447,12.60931423358857,9.834987796825416,-21.315465415428626,49.93081126952881
3.0,9.593909227914015,21.855729366856544,-11.039851867158205,0.04329489373644996,14.532968293823762,11.519113343307756,-16.56023816132135,46.55136112967913
4.0,10.508841686602427,21.68801331037601,-9.118769661224674,-0.24380311203624677,13.702325436541138,12.174224133396342,-13.301791401727105,47.53438588800114
3.0,9.158031038359475,21.448874284482066,15.75400798645439,0.4355623517158462,14.021929403496477,10.880027442105538,-19.885447436771276,57.21816001734407
4.0,9.183849253956897,9.80937732411073,-15.080863109174041,-0.9353959605129278,13.945459547876073,10.93225614554294,-7.468089524067794,43.71746552860372
3.0,13.352874624550566,21.634636868820813,-7.191005288088642,0.4147027905917446,8.366594072976344,15.653438519578552,-18.63167385064987,54.06602593373989
3.0,11.541730387773933,12.607068771100792,6.437540432069291,0.16924820374720706,13.754136258297596,13.591280402661617,-9.233880604494564,48.60518534834096
3.0,14.541385715608792,20.909331275292477,-2.5177941369966392,-0.22968044977012206,12.450466891605625,19.048310029235264,-16.68916946540248,48.60119915752083
3.0,8.287832348182265,20.357831186096963,-9.776574467651166,0.23948991287319593,16.000986315860846,10.506318265759957,-17.569238766966187,53.951859480258555
4.0,8.979967202290506,18.650625323533145,-14.787637157823074,-0.2221466300380558,16.131901479134555,10.480480324719448,-13.944755689084369,51.70025647284445
3.0,8.155669351644748,24.3480296005283,8.556378588049508,0.20671745161185043,20.630387437674198,10.483757626484433,-15.869727460849154,52.85306498609766
2.0,7.510690593377166,11.106398755478606,9.96044311489183,0.3271828281770289,14.833245987268635,8.679009222296589,-9.266926587837482,54.84092330266431
3.0,7.7490219054032465,32.228759898084135,-3.707788180247725,0.054697397302446445,17.177299871696075,10.471950924070537,-24.343492034170946,48.34345808408339
3.0,10.447768048558263,16.04762772277344,-0.2853164286400425,0.9410122482375168,19.036260138464932,12.90696385046801,-15.424648093961082,46.93881632746125
4.0,8.97756864713763,15.051975898707095,-6.257869200996481,0.027862456144347302,18.282574555412847,10.665780232560927,-13.954453472601694,44.57424736721101
1.0,13.059100638921228,19.209960507105052,-9.268810699474201,-0.5060521876300837,10.035429984402692,16.11863769251575,-14.423155849923287,45.87294735010522
3.0,10.146635934376807,13.55019550129473,-17.95078772063616,-0.1678923496450641,20.007064575868178,10.60508696918367,-7.871924343963855,64.74547212654363
2.0,6.993714093763788,18.77128467957028,-7.727235697476704,-1.3484433214707858,14.837115400446564,7.26568944360674,-14.305801046084904,56.22339790368393
2.0,11.392412729626837,29.244780474726724,6.265650295477574,-0.13444434527741528,11.680422273774989,12.47697026915315,-24.021940440827688,43.24462816895989
5.0,10.118436868028976,20.06964645956473,-5.241250871100033,0.09904238038392747,14.566918764228173,12.285067336398477,-16.057134356805076,43.38771021628215
2.0,8.906282117519215,19.836233648920008,-10.43424771133765,-0.3564228913385822,15.31929068307569,12.42005354050815,-18.369802387075442,52.40933030859246
2.0,13.007985977165378,6.745150958034941,5.915068519224619,0.6230425962488145,8.779829302775552,17.840883318791086,-4.187090113717219,52.736323986889836
2.0,9.257118268008417,12.962441526410894,-12.778166875908752,-0.5552879227329144,20.256811330270867,11.746593023050858,-8.605287096481899,52.744419176586824
3.0,12.543110189988317,23.608360320216175,-16.290517712172292,-0.26226013313988683,16.468123683683753,15.552576702930438,-19.790868921839103,48.72522103223151
1.0,11.425996860344776,18.798373009209325,-8.748208075495976,0.35547998410174575,16.33278993445812,11.910138498260993,-15.978782702886464,49.3727286999855
2.0,12.318659606728495,14.594683362000513,1.1593560694426372,0.2965506289841919,14.07136068205803,14.239717728340171,-11.143990230296314,51.639397620796785
3.0,7.497772847229394,24.620135096034506,-6.84902136442989,-0.26136151025951976,18.147027677510668,8.209543664767033,-20.569547548908798,50.429465031466655
2.0,7.183077407272881,12.216854132380481,1.0600995134563966,-0.6402146762481415,20.264382545953094,7.998845290476341,-9.90574853515603,38.90349813626233
0.0,13.392912736580076,21.05508733601309,-5.967131118703924,-0.27245954340447487,16.197408343056214,15.903351465311301,-12.644626290477444,48.85100184712403
2.0,12.206603764033042,20.571138243310198,-3.496982385381224,-0.18180610610692793,14.829163128836798,14.175833939142523,-16.950961996140155,45.74296782869843
3.0,6.579663214686748,13.259072889471435,2.4326409402271496,0.08543271906397093,14.448049990941962,5.91629604724831,-11.323938615619593,50.87605709454256
3.0,10.695163410723342,17.301201598453193,-12.783047254023128,0.09792262754884078,12.064881667154904,13.582106348985544,-15.136044890032874,64.92629501301705
3.0,6.594832791524319,25.14577818662822,-0.27402517586956954,0.12801486715693783,17.948072951836544,6.841056324089376,-18.628238606302702,51.83740832737152
4.0,12.028740130036262,10.795628843341774,-17.795769667357014,-0.3124092888478394,15.078273150632501,14.673735020154664,-8.998951421109625,48.432351569138014
3.0,8.548512373693068,20.93383382238539,-12.553829323533225,-0.3057589014959741,10.780016709455333,12.332297518181655,-18.045813134551167,54.60900750988626
2.0,7.296630788767333,15.120633735113337,5.536417966078396,-0.4746994444159715,22.897146194512175,7.8365723549343755,-9.453898923544646,52.41343943604606
3.0,10.369672247389747,15.708211099093933,2.0030987940899134,-0.28781891311888697,15.366029443936084,9.913319174121368,-9.727362870247873,52.100472452259204
5.0,9.8078802005507,25.74636663142838,-12.031764251258874,-0.01749424524848085,20.31240190690653,11.48345201878073,-21.797940436620117,53.034252966078355
2.0,13.624897115993857,23.538759677277376,-10.624667758942676,0.3162038695277605,17.91766334888019,17.4508361741912,-22.564087644543136,60.28271782414771
3.0,6.859550560219088,16.364314120875658,-7.4751863555150475,-0.03721671455002314,16.862016292652033,10.189808126483499,-11.076423917026682,44.34555782337042
3.0,7.3293112825797975,21.900989255029817,1.1058574528382312,0.2798952239655199,18.242342176663865,7.56562394464334,-18.89005105554386,52.36816038405727
3.0,10.918360158456874,19.649171442706766,-21.609609335159913,0.21480910956629293,15.623063061489333,13.59873141338477,-14.138085955839877,45.368094350092306
3.0,7.446502848359382,14.594717297958688,5.531528533329036,-0.01977757692832752,17.044502092117874,8.470492961251205,-15.615981473790622,52.77756323171124
3.0,10.059512278991491,24.691419029879988,-10.160447282173738,0.04806038847049168,13.613174133884872,11.965466380485653,-17.967940547305375,45.406567442569525
2.0,9.381655753062722,21.110668858168566,-9.787486216634774,0.6278780627867604,12.316178093341488,13.9023302506923,-19.310878945096416,47.913165931974575
2.0,9.12053788345165,27.234889421768663,-3.0344522348842538,0.5159222697343174,10.543318880889084,9.441675131746827,-20.326383299281883,48.52455042881047
3.0,11.779261591246874,20.41141994637712,5.654803750653512,-0.2586442250501861,19.22804232055674,14.388853570990822,-16.300589821428826,54.87908359672355
5.0,9.274322879120682,17.77248739299614,9.533844771177009,0.7897860728653562,13.431419918540195,11.59688062671025,-16.125868753190204,54.59227221971207
2.0,9.436430782278986,13.277747444828615,-14.186519464841982,-0.5020703833760339,12.696607304687614,12.40950326367413,-11.436270581716453,43.77141311776808
2.0,10.468429465073042,27.752502464070385,-14.98354040738791,0.4921611992382919,14.358033467323473,12.660098511558546,-20.82936505734291,50.27467055499925
2.0,11.349638984333208,14.386389892188507,-1.175902538159494,0.08322610410652805,16.47735379202445,13.92761732070395,-11.297323007520339,46.45210072625414
3.0,14.91060027982179,16.81130007874342,-10.309969550018177,-0.3115702632123822,13.333568642519236,17.50107176836436,-12.28021410204977,43.70747544662333
2.0,12.378033062215103,27.102521239949276,-10.707462937494762,-0.41617778655211435,16.414246669159212,15.12276661590323,-17.729135822928452,48.91491474787815
2.0,11.265863635511021,21.0146151042565,-20.15744114997232,0.7737526006650308,20.387633019286564,13.175844087115815,-19.940175306827303,48.4575860577209
2.0,9.224596880128031,21.429326953624525,-1.65543210012975,0.3292721363364152,21.03061361629905,11.691088146009688,-13.909036412962372,62.13358243172761
2.0,8.403405510923093,13.103403859927365,-12.30930039941919,-0.016563486436898547,20.383673590553364,9.714476277064078,-10.274011212895466,52.16479912680348
2.0,10.447575903277796,19.91788551963624,6.88393273448084,1.2634662129368108,13.407393681239038,12.91419147783554,-17.73187651235525,43.11191249622881
2.0,12.088321754138144,23.40945744813156,13.467073257360337,0.29196409266298196,13.922123727638821,14.476723291280795,-21.38819320998323,47.17612997914529
3.0,12.217407161165816,24.102410905986822,0.07274031107297763,0.533337344794577,18.50788677133702,15.786938844171148,-19.660169506343525,55.106916477146996
4.0,11.297419775179286,19.164409598415727,-3.532863135666772,0.6032544832541784,12.549192987038293,13.505510006626656,-13.488227454883663,60.442213864349625
3.0,9.213322375345278,20.143724114674086,7.7845186260729875,0.09554953400995167,15.139309644468446,9.282954382207452,-16.37007753249434,42.07008343881021
1.0,11.492507132054442,23.227420905705376,16.632547233054602,-0.15388911747650041,15.657450982991817,15.052930059179323,-15.559626864069607,40.60037807430477
3.0,13.15490655952695,19.523522338065238,-2.2097847422966077,0.3039482548582696,15.559827369469074,14.88015557056972,-18.521169250555307,59.35482587685891
2.0,10.388179985796615,25.36815874929886,-15.265152994110602,0.066484837073438,12.89963755518248,11.812049644307118,-20.318704895131198,51.94807088685452
4.0,6.95362619043245,17.205390763642058,-1.2278812493547915,0.7827620146171702,14.802749216781036,7.748690134475447,-16.269099499739884,45.65853634061817
2.0,13.76231413888118,12.75993049791878,-26.988059566200818,0.2200072250266662,13.493837326942167,17.88921505982823,-9.48068063308509,52.67314543061217
1.0,11.416712894598707,21.219003568855996,-10.640786307367284,-0.6401521993354472,17.617371984840435,11.564381259539752,-15.201428074890199,36.82126130491561
3.0,9.801648272441234,29.233184980238327,-15.700847663261525,-0.7627625854623694,12.924275790356267,14.899726460589473,-24.22807157155277,50.0168775329858
2.0,10.486678898645383,18.79381971071835,-1.4794460348570322,-0.625769712095222,19.331293812219776,13.640071487440512,-20.243483481828946,51.63910586421542
2.0,12.234591663176255,21.71362673188852,-0.43246780846216115,0.28488364011610195,16.343125680051944,14.904748909940666,-16.973005091917827,54.62135069768915
3.0,12.658305060264862,20.98260584850735,2.0900375758851233,-0.04486784714361336,19.32035164634842,15.135072071701547,-15.912607575338862,44.93052023853731
2.0,13.60188086582163,19.799210246778284,-19.30775102118048,0.06405220745539464,12.956845027575358,16.607811113843614,-15.030778687499232,50.4284358070168
3.0,8.694752041395219,17.769082833926102,-23.895407309455308,-0.22615315962453836,7.72836202011313,10.9548248780536,-11.743701883496575,45.37287686970206
1.0,11.520829312288594,23.92900079325416,-0.7454243821503521,-0.4834880715646065,14.85686593157406,14.47021076069637,-21.285307993901426,51.27691877837159
2.0,7.6832706216149145,27.51699150883575,3.7736229057567137,-0.11048208691483197,15.080657516983592,9.775529211941345,-20.653160996167703,45.52326838818488
3.0,5.916530263151419,18.764113087397014,-11.819842479977986,-0.5008100049474578,14.156699121342136,7.18941699703695,-12.626275444961662,47.959495804198895
4.0,11.28168572253402,17.144105051086015,0.7258278135615859,0.6996777182930011,17.773901048738306,13.340684446733496,-17.27245920888185,45.020923026048855
3.0,8.706126444588852,23.491116568067948,-1.0651461457825038,0.44759661001386614,16.905515405045907,10.29607844985311,-18.153589602616403,53.255681209118286
4.0,8.929529576878863,26.586970328171628,-3.0240039530760034,1.0376304363126327,12.932436545731296,10.520527211901955,-22.277935924552647,54.29225558328333
4.0,10.395821566925296,16.74290998192776,-9.838858340543215,-0.16017365409716008,16.272497839205748,13.608755977177418,-13.5573733317455,48.82689715021293
3.0,8.852599992122842,19.878227038695087,16.422703586118637,0.8637715850503557,16.308971009022095,11.216676712828272,-15.207228663879398,50.19118997480014
3.0,10.240062653436523,23.06758986365208,-15.227925651984055,-0.12868826871167255,9.994247778367232,9.347686549459546,-19.42852901914877,42.75704292683228
3.0,11.294391879405483,17.58406768850313,10.739867632900328,-0.6128828315011706,10.60687535937054,14.20917103181634,-15.418670309125728,48.50161675996606
3.0,12.094196605224308,28.419638457289345,-9.5888426286894,0.5393404167156478,14.884474591497879,14.707772120987944,-22.667405930855427,49.74897691479128
2.0,11.767319874973344,23.2616143920671,-20.763921569842495,0.7382701748629479,19.140274062442355,14.102075093522114,-20.783783391379284,63.103965455149876
2.0,10.791607066874818,22.470150931413695,-2.393262341760929,-0.27515257692271006,12.985129896185846,12.561410027160896,-20.147771002901326,44.440164871129184
2.0,12.345458038518728,22.71800077297216,-8.70614332086106,0.38584935532417236,6.454372138109774,15.938662366208488,-16.815654052464723,57.320886193762185
4.0,6.5205724424438,18.18779529298434,-16.19669894626144,-0.6473407378604529,18.482480362135558,8.772213393055418,-16.847824304704787,54.98429386732904
2.0,10.69300776346143,19.76539710560408,-0.2295917277687849,0.03841094553012768,11.151023327434292,12.058731648330108,-14.47969268266484,51.40318202245068
3.0,9.012486833677375,12.217090506701245,-9.281151609659126,0.7503798953171554,17.550665226340477,11.222036487537386,-8.848489819653095,58.79310242097567
2.0,9.301484591363142,18.391824743913087,15.767479835608409,0.19096772611577667,16.290124941573207,10.190124775094484,-18.165073252711665,51.860527363034315
4.0,10.477578318053027,18.704789270896484,-6.963498490849783,-0.035800629707031975,14.888333290470475,11.193475816874702,-16.3189607213885,51.945795978339646
3.0,10.103891771614599,23.663200386077897,-5.807165801085823,0.039317595158045296,9.005397946403678,11.497952901347553,-16.542341502767574,49.73439673491227
3.0,10.692976951795986,24.99005054929826,-33.96255378193689,1.0441873523903638,14.581231115534479,13.693965814537941,-21.954371501717976,56.117844412093135
4.0,7.920188145748938,23.06386952531285,-15.534155631736562,-0.31188448034790256,20.74209406160036,10.457350820274812,-19.37990414486906,55.482346169054416
2.0,10.434865746359446,24.35033865344377,-0.043181120273953155,0.07520945257178821,16.094883007398675,13.034924315728627,-18.556149136251225,46.87161356251894
5.0,9.884762405932829,21.005495233574837,5.506543960076121,0.5527629664789919,18.56109091668114,12.586810673967392,-15.237615168294681,43.40376402700616
3.0,7.713990174539033,28.167157661505478,-16.46345393018688,0.15131773261951662,12.737172449941927,9.772966496561796,-23.036803901293375,48.98509681302171
2.0,10.65752482060696,21.606786077251364,-0.7807924576471521,0.8068556345293235,16.36060290454194,12.1475481895054,-18.480449251184375,45.999807178011764
2.0,11.928174336576715,25.947352444623203,-17.276078151369923,0.298700034924929,17.103518226932696,14.745731748565998,-17.91314223230155,49.68237712692322
2.0,12.75141362662324,19.249722064837368,-3.7442354652845777,-0.0865359121419348,15.046737142744403,16.10210587717557,-11.921978324274738,56.187190673420695
1.0,7.119898234811411,27.97252531612486,-13.469613483183277,-0.4956961747281536,8.539829659188856,9.298169211587267,-20.420304151336296,47.71349172456605
2.0,7.353820413185003,28.210075800681846,5.098170893426342,-0.3440751725888619,21.757307416032926,10.013497867296646,-22.39742435541543,49.78588309344212
3.0,9.350337232982755,7.5029714256321345,17.90942572590742,-0.694786233381798,10.063803759129325,11.928708526780369,-7.61890858378756,50.290113674041976
4.0,14.879504812678546,26.92136409255259,0.6390912005235965,0.297377170832643,17.560246676340924,18.206853982755838,-23.1979800871552,54.24215441102642
3.0,10.562382847938752,20.52100551975938,-5.625931278995224,-0.37698229443333814,14.157974769399678,13.74500965584293,-15.37177620527599,38.765553330076976
1.0,9.8033207464105,15.057044464245413,-16.03589317215771,0.08994707557673923,19.176006859033798,11.73746363644354,-11.208839129618964,46.96649852617352
3.0,6.8589987927536455,15.051859317148313,4.407711879882159,-0.4912436967691548,14.326100550008926,7.348923900076657,-9.238290267825793,51.056418461397364
3.0,8.06331109027273,20.5268775307298,-18.340254949182047,-0.30068382197560684,15.959345802427611,9.512906344383511,-15.120601839511563,56.00039478213431
1.0,10.880949475920797,19.901811005366593,0.5248995441714772,0.11195706703233071,19.092421289921532,12.312236726298506,-18.927609407812913,47.54048776246898
3.0,9.141188917749494,20.611487515161418,0.4329802903638793,0.024430035162852165,15.121775073611648,10.29424842632501,-14.385294776683299,40.617236469790626
2.0,8.674198164898105,12.986973641001534,12.495767431869393,-0.6219316176956425,12.921284406612278,10.264519127162206,-12.385700167430052,53.09855722983068
2.0,11.789848753888883,18.52525160853986,7.477420726737339,-0.33674531212193426,15.836982486671406,13.355398583666698,-15.588143830736591,46.82318805587185
2.0,14.290298255546777,14.062007904852436,-1.9017928977297247,0.31688844046604925,16.241397292354495,16.84039637701709,-10.74920591137856,44.0516667045482
2.0,9.740358600533147,20.219057359895547,-6.470020016284886,0.48193955839745484,21.631569004774054,9.79481565368599,-12.18391090834851,46.87827305143388
2.0,7.260394040841844,19.558589758243727,20.797093376543184,-0.4018372839848654,19.9173504163322,8.925766556383152,-9.427034694584261,49.077373211720754
4.0,8.892823516584011,22.844915395926378,11.28396623128538,-0.18956387049374354,14.389258919692915,10.672593695263037,-17.062486198468736,46.97627667730894
2.0,7.970486538614266,16.753612274669965,-17.239402667622564,0.017041734129613035,12.690080306824076,8.747495215268927,-13.769283057176748,38.97216971450465
3.0,6.888208707592746,21.654401161072286,3.3352896160892467,-0.9968678212857277,16.122169709542717,8.9250961175437,-16.254509631896727,54.48533098443566
4.0,7.580717962617589,28.362861934188516,-0.8098099063395479,-0.35250592787920443,14.832692767026883,10.034431692767665,-20.914978695603143,56.37437520639361
3.0,10.152010782824822,22.693779962231847,-14.206735930793663,0.084680412018039,10.75885650928506,10.574853075020812,-18.796359220899863,53.25760995669753
2.0,8.19218471707042,16.322350287051165,7.360931752104374,0.5456550602971345,16.82741436272153,9.067896881918289,-9.467457517816289,44.311571647875915
1.0,9.367183100610395,26.065488499895917,-3.5828308636009525,1.159664769990847,16.179953518183115,10.471477370945175,-20.39224928153393,48.99254233026241
3.0,9.381767071594997,20.66770452391141,-6.524698363805439,0.3540543383442952,17.87010695038375,10.31821738480513,-15.538677440946339,49.96739342385271
2.0,7.337534092884444,10.818973134483517,0.07991326912543695,-0.5516833030869368,8.541328221142551,9.634515753393082,-7.323330003477892,52.99397194780955
3.0,14.985999034865582,19.969645442300532,3.3849077445164184,0.040914679273782506,14.703331040426573,17.789372703065894,-15.132543132611515,53.34170244359041
3.0,9.419450911622697,21.336961570359513,-1.7830219380398638,-0.3340452268215244,17.97612704860957,11.038826252636625,-15.391688255348386,46.329131006107524
2.0,8.48850968101431,22.682549217852017,-13.984679817910372,0.014090578684564124,14.97264301006739,8.182349252810418,-19.38054574737546,50.4099777820678
4.0,10.949396465759905,19.87486520627428,3.1776629920028707,0.6951037745086567,16.673430919055587,13.774693789121113,-17.016495672911486,52.28640202307621
3.0,7.376327535299681,14.674431684623137,-8.052247043546677,-0.3047561010796416,14.439086091043663,7.612334647506145,-13.9398538136419,57.279111610733835
3.0,11.059385508713461,19.647506109704544,-0.13498356173798065,0.03223720740506012,9.073600300938386,13.331195240722481,-14.839002426523184,53.522532699123616
2.0,9.71182488855677,13.951526285794461,0.9992872999620452,0.7653754161718487,18.656285555091948,11.931566804226314,-9.603348021611342,53.945283436877595
2.0,12.981452273699905,20.743337286010558,-8.370859711180394,-0.3067013317704699,14.092590940535615,16.938401324278537,-15.679124096504674,50.4191331396468
2.0,10.340832444750976,20.802869905249324,-4.969539798465855,0.21846908487317493,18.571938824359023,11.10017853458206,-13.293311057504384,57.05229572601752
3.0,7.030204063100193,7.230394325490225,4.343199112392737,-0.6834393492077105,14.32570379432195,5.4167327198994055,-5.795507498050274,52.04881397979749
1.0,6.396039124839961,22.70731364102394,2.5915516030264687,-0.2882552003633597,7.22687312356527,7.859096494561648,-16.828367601634127,45.69456044913215
2.0,10.783608010805093,12.605442156129357,-3.1664008022084436,-0.007654924586497779,16.737874498803265,14.740840794476966,-12.267755477182115,57.01684985062595
3.0,8.05386211823689,25.982857508322457,-6.5852957302697,-0.01365226975496593,12.200196122780412,10.903580894823705,-21.56048541160677,53.48951636269514
2.0,8.230394571946198,19.135269700382885,12.117084801423434,-0.6859505714656782,10.159315806369776,10.086132901610062,-13.917140245174753,47.78477989435759
4.0,9.581352645696267,16.654636306700418,5.3990468739607635,-0.30280776986843205,20.478029140640807,11.005986989203471,-11.625504823874047,47.602535163003786
3.0,9.024177183708595,30.786541066327516,-11.057149230033385,0.3710476860046535,15.897877741219476,11.636135217087624,-25.21716674839038,51.48287772570381
4.0,13.123022393453706,20.160020745328833,-12.534178703461833,0.2299860714695582,12.966853890743682,14.774080672439977,-16.2712150999792,52.31592397633792
5.0,10.273070662165475,18.173392243439455,-3.1531969413509158,-0.6735631447648482,12.085157884468046,12.80404256395479,-17.574461288113184,50.98646132815603
4.0,8.686211442057209,14.7654450865903,0.36652752527286125,0.5928520773314985,17.1568599319952,10.928923889635277,-12.52641447088546,51.556543367214424
3.0,8.486409822861079,12.89094666629078,10.013336519554867,-0.16133991942106787,14.247500950634858,11.243901694932175,-8.531991005993053,58.4997868728819
4.0,11.11246001880132,22.27943886040804,16.65002344901084,-0.3217591151900715,17.78352038424371,16.094612061472663,-16.6731410561133,55.35771576117443
3.0,10.537184557726514,27.64234213206266,0.07835756289623763,0.2691480395248165,18.217522011929407,13.037037436450584,-21.112542262887708,50.95317795632512
2.0,8.321580665321987,14.775954029894832,-24.66356589376002,1.028103564970161,11.69037490283495,9.476933172678883,-11.721215849553946,54.70655290383742
2.0,9.446373400222159,21.537033489045506,3.1573721253929676,0.4302367441798727,13.250767684293184,11.310073768074597,-17.215500473980054,44.837380482362306
2.0,10.5651599009766,18.756544369082263,11.073455760199927,0.24548747581912567,17.20463335814945,10.909115976282802,-16.325877774212707,51.98963524973404
3.0,12.34694771497065,20.905107793518535,-17.968319479558467,0.1998439758763208,13.045929318624513,14.121624126875721,-15.326429394409761,59.04653174866555
2.0,11.172728037510186,26.19141535716818,-4.787284232639384,0.1544165062994819,20.106644833905712,12.997991206899119,-20.111186396955762,48.909770523038134
3.0,15.203366228360789,22.82754822815772,-22.607627591558177,0.37667081055226626,16.143475154648332,17.719951076098354,-17.27800088654058,45.761830356904575
4.0,11.346362702539917,19.307720080081133,-17.242982362893656,-0.10451162864301264,12.4484386373721,13.767990115081622,-16.49824574940007,46.7395555570347
2.0,11.17715680884122,28.34952252175703,-1.0532847017701892,-0.5979415310175922,16.333808004660423,12.590168238227264,-26.986303857148116,44.55183481328806
4.0,8.780434191361236,19.32991416663541,-4.853118052708029,-0.39244915654112,16.94484130153158,11.657551696957952,-13.26962590980094,46.076190459361484
2.0,10.839064887814056,15.5625391109895,-9.374583003234104,0.3611906789138857,13.881500543724698,13.007084930295063,-13.407706200808407,48.14745950704985
4.0,9.200727628770796,21.12342362875943,4.3259083187308995,-0.7091828664665158,9.717573564057673,11.03157283338634,-18.624290431093787,42.97216490410679
1.0,12.525168206854364,17.240709270537767,20.581992856682522,-0.2821237993286943,15.55365390959111,14.702307131712319,-12.405609592602227,50.07809166974801
4.0,14.012185776318246,30.307517883181987,7.0836623059314245,0.5120312629057312,16.77758084760355,16.969813615440874,-25.03003958638385,54.51138586893324
3.0,8.897628567342933,15.909005582888465,-5.03374457410952,-0.08509231126246422,13.640315852018174,11.502252545479154,-10.60733169821753,45.4612190992654
3.0,11.910610417141022,20.442034431459238,9.775300810552618,-0.5708445570667525,14.419021622160846,13.425602284858325,-15.119615646013997,57.59641961820884
2.0,6.26692676585388,19.586596570786504,-6.217475083832835,0.7567248716210655,16.892435053664332,6.862195629949399,-14.30213861022825,52.55396044263797
1.0,13.708185132668376,26.105168477626766,0.820977034686158,-0.11324204942491596,12.121682289829561,16.146096130425384,-23.61604620450248,55.152902928120284
2.0,12.177497239408371,29.422931529673043,10.43243528272189,-0.24442471089313705,11.641147700132967,13.267125763816829,-21.114457252965636,46.71082723073931
3.0,6.463121268874296,21.615838570923906,-6.4760258629866865,-0.23301825093412112,10.215890798199613,6.936487662927657,-16.770169794271414,54.27262613533308
3.0,8.934598320676177,14.15041582144856,-33.7226221328165,-0.013757452525318127,20.316754790009234,10.245297111266753,-12.058886935651255,44.54033049802344
4.0,9.085807486827456,16.988939698191096,-0.31225743924976257,-0.49919271959414574,15.905375699458398,11.777358164905674,-13.304374823868375,54.451237504182544
3.0,12.453866447768615,19.499229617600236,-7.036737501769659,-0.4389912933782805,12.519358937880419,15.207201066324261,-19.151854159876827,50.85919669896766
2.0,10.734731013632356,24.567923131166246,-13.031789506803449,0.7463442844797609,14.186629196872294,13.07526712772637,-18.837032881971655,52.76625609992392
2.0,8.505576641704353,7.878798698635292,3.8404539636104964,0.3684219485462167,14.15601732864536,11.057589932213196,-8.361781975272377,44.12202697187574
3.0,11.0318784354082,12.187270715567287,-10.290526773462947,0.39713233981091356,11.237131730492251,13.100882334090441,-12.4551571441409,45.524650788616974
3.0,7.28683639075319,22.332149912167633,-5.356414822974836,-0.8075659079527547,18.494218063371513,9.134668518832717,-20.91043830216989,52.98614109126692
2.0,8.379495125971237,21.002845986154714,6.486373494287152,-0.5079109094891985,15.185039549543914,9.952172398232989,-14.576900038943922,45.258259978878996
3.0,11.386211214526288,20.882207776386124,-8.670278390833223,-0.41379511032435984,15.258431649139125,13.928815806831174,-17.964293008494476,52.316031460495616
1.0,4.157299033010785,22.182799020788337,4.039348410861953,-1.1814662177709192,11.970807885870187,4.40600018200136,-14.67878379679767,43.16431096769877
3.0,14.114990939423397,20.10396853837704,-12.280029412291345,-0.09144822055242008,19.124629257444553,14.499171969031647,-17.15477775680623,54.240871063333344
2.0,8.401615986699493,17.58628238908984,-14.533286082587123,0.06133515799739776,19.87403537540868,9.947660021853087,-17.483741826457766,43.83738342615746
3.0,9.495292995747425,18.54094365542228,-20.63190808696657,0.4415548885735795,14.766488408961594,12.81709973099685,-17.06580380423514,52.76149968839761
2.0,16.38621513568972,21.49376454182843,-12.517910500951842,-0.21317879810277165,18.445337127590264,20.589673565069255,-14.723388393448868,53.12815466823
3.0,7.123444043365266,24.59614467287602,-11.68144085538994,0.9366488881087728,18.240144197143945,9.51353033662949,-19.98871209417415,46.516140907852126
2.0,12.562032723470226,20.339277552637018,3.5277367512221947,0.24236640864723738,12.46093003502738,16.31056998997049,-17.36799663509082,52.91013283542363
2.0,12.059921635162322,18.326123339467294,-9.036484632419967,-0.4775612896746765,16.270797196780382,14.560563553156223,-14.34086221986826,51.30221131666778
5.0,7.864934171491454,20.12109728336379,9.122205554154291,-0.039820695622857574,16.3571153887492,9.63523671319534,-15.093312354355945,47.30579071903631
1.0,10.856614194415297,19.064278674977256,4.857299956798629,0.5936930257823756,22.76869092605584,12.410285137864005,-13.016625308176884,44.95722657961896
3.0,10.651592633164332,20.97192150788668,-8.531662928106883,0.16924192173084557,14.11379576958291,12.465838303770148,-13.880538746523492,40.1868715416371
3.0,12.63519507121592,14.967287173601793,6.398785611290453,0.6585575336699326,14.645794419026764,15.778005235230244,-12.693367030459607,51.74825023649847
0.0,8.784356025811135,26.484972732805545,-5.228680622988821,-0.4996511161474554,13.485675236315348,11.74511166814218,-23.840073558408513,42.175986143189725
3.0,11.093467136402758,18.80533950415153,-8.668244118146875,-0.19587907452191095,12.232769446504491,13.17271428800231,-15.871201925567776,50.47672099720654
4.0,9.355359061577321,26.085792604127484,10.213160519224513,0.4991554490739802,13.705139061845856,10.776241609041373,-20.348073070136216,48.68275891958876
3.0,9.951608787218168,15.48149069634936,-1.75640718278397,-0.5895198955799013,18.56303816538469,11.942458503518399,-14.31271040950071,53.39571387719098
2.0,10.402319311745678,21.41643935773071,-7.5890497370407735,0.29334690073763736,13.575289030132426,13.08398992302393,-19.047453315974657,48.48977250255068
3.0,7.308040639506503,20.63189789773206,14.389289990582846,-0.5001656623027874,12.966765088425445,7.325793951274261,-15.817942555085876,48.35276106826454
3.0,10.359163563879196,21.753150496367795,-0.10812869852336515,0.31736073428088496,18.32909952586867,10.134815323517797,-17.49982510023514,53.659353521441474
3.0,9.517484690762915,23.362868506013655,13.998819348952157,-0.06631687319128678,12.076412085988075,10.870444779423913,-18.62470081398775,51.67529014542059
4.0,9.759237672092803,9.136652269929819,3.4742167715042154,-0.26766409297696137,14.728400153087518,10.490372780597205,-8.826312485343994,51.58077978591389
3.0,10.380999359558134,23.5472590856952,-9.354863705698435,0.25655289908804135,14.22135996724825,11.949059033822449,-19.298608696967694,52.346337949042635
3.0,11.230734968026107,15.322806489777022,5.859821161750322,-0.267981722557024,17.424173394843436,13.329101642813857,-14.106711480358227,42.32213938396447
3.0,13.676367353590244,18.88267008814074,-8.493167961181975,-0.009709802943866305,14.090460651497175,15.95839241528528,-13.325739248263018,53.78394339993491
3.0,6.767378783126825,14.73158790426823,-15.67802921579193,0.47515379598678786,20.131840117745774,9.573322074222935,-9.71477165396708,53.062343970068014
2.0,9.66235655361998,20.350260815565907,6.618783026081905,-0.46367656709528704,15.715106948204355,11.921572628946295,-19.972584376928914,44.916584357117515
3.0,11.002188339879691,20.947908082993717,5.010460925671412,-1.3516161464996186,17.033625958592722,13.503100367466457,-18.617348186779793,48.779597631628995
2.0,6.338734206287086,22.556012997624904,8.736585451629576,-0.06872425731384593,17.858623641608816,8.228688191587905,-21.037868908280082,49.80346356186185
4.0,12.629828907168095,28.199822646856965,2.421274910718923,0.0377168194507964,10.194102564308494,14.016961570820943,-23.85990598629937,49.32751607799133
2.0,8.313506809367617,30.85471358748907,-6.758858124323366,0.061602403392242835,16.654456128121403,11.015319958661408,-24.850646809571977,51.669299832842675
3.0,13.390102080861507,16.88675319132774,-3.053925447627573,-0.3712352928490241,11.039932466337882,15.992358210498349,-16.408692992459255,57.15683390915592
2.0,9.925926405903176,17.8534888774137,-11.92420979873856,-0.7031587318359169,14.750683282113915,12.581592304325024,-16.126510728181586,55.40883363836414
1.0,11.520111927379205,20.412198764672517,-19.575514994649303,-0.15460453852493172,12.74353078322825,12.75227707981489,-18.33767375590101,43.43890403284297
3.0,12.680900892046289,10.624137651771278,-3.849739208525828,-0.0800663977833202,17.014020229351395,13.66332230443948,-8.084775462619136,53.110349951530246
3.0,8.496061336522361,18.40473032166691,-12.96025856803489,0.5380035692992992,15.063934946015827,11.013163261851862,-14.585095583261028,56.644666597677045
